{
  "statement": "centered Taylor enclosures for q^(0)..q^(8) on [0,1]; parity covers [-1,1]",
  "cells": 16384,
  "terms": 16,
  "precision_bits": 384,
  "global_ranges_positive_half": [
    [
      "[18.72690479631028068362225527784423036757274986620320466087715733439621578962657153420298455481112538395938698722941 +/- 1.17e-114]",
      "[93.14903358818859356604487952206832153132487867698951746792659345138047201282047531141262745192906644054382067827625 +/- 2.13e-114]"
    ],
    [
      "[-3.270886845032074474763477609314435762269401996524406027006868708057987078424514713364375810236731071362127971622834e-11 +/- 1.53e-126]",
      "[185.0347710790734765378845119524622561935205047712478834387210152699632156680895324597831612452909275303238357125541 +/- 3.84e-113]"
    ],
    [
      "[120.5550878384012008783019561814239287593627707290159080360750937105147307374287531132829949040340157627460028750532 +/- 1.58e-113]",
      "[373.1197585937325970548955764177563779081150526645052952330681732229147668448244978928906549396539919658161394510085 +/- 7.90e-114]"
    ],
    [
      "[-126.6710988617220084351700435105498757354394588412090862315889083905772381222555646794205506383990896423054214326229 +/- 1.64e-113]",
      "[737.7552043173903128687832235289713774736878914549168991968231054320421451359236755489760677465716923012959643752270 +/- 2.05e-113]"
    ],
    [
      "[-1548.745774086788295895954113404086248383282101054976936451076668226923989379588222154893106994844553562064426162634 +/- 1.50e-112]",
      "[1503.950764767699150752920403604027971353297266345284466159327610338423601561716685060946142772915959898673038259070 +/- 3.99e-112]"
    ],
    [
      "[-2800.324666957254915952692070000234280938378276283302401706144778779364323590159312011166800826897619640730370688986 +/- 3.26e-112]",
      "[16992.44931688628394509633368941589818147263457550797194468552748920714626572885181304646269722624950481853106379322 +/- 4.36e-111]"
    ],
    [
      "[-137282.5335749459872117559306110546457368464645269613791506212088359858848215496080827160759554373474396551975556870 +/- 3.21e-110]",
      "[244113.4106695733473635083051774618417814840579316250694897345688261467189696483352565461420484450276108427768181479 +/- 2.35e-111]"
    ],
    [
      "[-3053929.806001472942010281895643022043146515459534969133416029211740506249784457355013757209394209669846653358234555 +/- 2.53e-109]",
      "[1169962.323924251532572177629062974615245781031328799685979281879491090620424293888335465418763523208242060591124027 +/- 2.78e-109]"
    ],
    [
      "[-53940980.10301997551531059803115505837059284809185321425787958215752466973572076048152026948319903987550332049619100 +/- 4.54e-108]",
      "[36677623.31919756501063897178646383502057703369464783396790603073789177092760317260908277162869054647720770894369353 +/- 3.97e-108]"
    ]
  ],
  "cell_record_sha256": "63589c9ba8d3b11b1b528f880eb95ab29ae3ae5415a0d724a442e01e6948bb1b"
}
