{
  "adversarial_margin": {
    "append": {
      "count": 120,
      "max": 0.02660893618030369,
      "mean": 0.009669795264696497,
      "median": 0.00812319532848943,
      "min": 0.0017259076268850704,
      "p05": 0.0038844972276324387,
      "p95": 0.01950824019991059,
      "positive_fraction": 1.0
    },
    "crop": {
      "count": 120,
      "max": 0.05343594051917966,
      "mean": 0.01450337786198613,
      "median": 0.0128639221540226,
      "min": -0.00389307843540343,
      "p05": 0.0029797843499918706,
      "p95": 0.031156856060220162,
      "positive_fraction": 0.975
    },
    "delete": {
      "count": 120,
      "max": 0.006364906018078598,
      "mean": -0.00017803871801915134,
      "median": 9.312840956288149e-05,
      "min": -0.007944618297986983,
      "p05": -0.00407960493531162,
      "p95": 0.0028150229970595676,
      "positive_fraction": 0.5083333333333333
    },
    "insert": {
      "count": 120,
      "max": 0.02806586551524537,
      "mean": 0.007945513219983146,
      "median": 0.006535133207921762,
      "min": 0.0017204876853345041,
      "p05": 0.0022903403790414723,
      "p95": 0.018194704255172344,
      "positive_fraction": 1.0
    },
    "swap": {
      "count": 120,
      "max": 0.0478217627816222,
      "mean": 0.01165710955379582,
      "median": 0.009888194991940269,
      "min": 0.003000222507320127,
      "p05": 0.004396854953589979,
      "p95": 0.023448564433687123,
      "positive_fraction": 1.0
    },
    "typo": {
      "count": 120,
      "max": 0.03061809604125454,
      "mean": 0.010618646820564261,
      "median": 0.0086527362218633,
      "min": 0.0025539145216990633,
      "p05": 0.0039551944220014125,
      "p95": 0.024080188228238417,
      "positive_fraction": 1.0
    }
  },
  "deformation_distance": {
    "append": {
      "count": 120,
      "max": 0.49925918022784027,
      "mean": 0.2918266306467158,
      "median": 0.2817751748351773,
      "min": 0.17415542105971255,
      "p05": 0.19523099348943385,
      "p95": 0.4192366618597748
    },
    "crop": {
      "count": 120,
      "max": 0.8300653379330611,
      "mean": 0.684663783108332,
      "median": 0.6834549246149624,
      "min": 0.5605002484027558,
      "p05": 0.5937023878392501,
      "p95": 0.7813406621134594
    },
    "delete": {
      "count": 120,
      "max": 0.3729721050345768,
      "mean": 0.19251140312911913,
      "median": 0.19248785945350833,
      "min": 0.09712875869751238,
      "p05": 0.11089714391449988,
      "p95": 0.28575547321058953
    },
    "insert": {
      "count": 120,
      "max": 0.3354048342490954,
      "mean": 0.20504430687026473,
      "median": 0.19789056561544952,
      "min": 0.13238221922149163,
      "p05": 0.14010732940942067,
      "p95": 0.2914764182506273
    },
    "swap": {
      "count": 120,
      "max": 0.2815009270316143,
      "mean": 0.1555772173804941,
      "median": 0.14831843728465896,
      "min": 0.0921331572232082,
      "p05": 0.10381786530136962,
      "p95": 0.2230607741205241
    },
    "typo": {
      "count": 120,
      "max": 0.39099935125214935,
      "mean": 0.25943378984383797,
      "median": 0.2477289826664953,
      "min": 0.16514107241434628,
      "p05": 0.18819943301841047,
      "p95": 0.3577664139058742
    }
  },
  "high_similarity_pair_count": 0,
  "highest_similarity_pairs": [],
  "prefix_step_distance": {
    "11-20": {
      "count": 1084,
      "max": 0.46110598593025837,
      "mean": 0.2728874968237725,
      "median": 0.2713443941085124,
      "min": 0.14275203622893215,
      "p05": 0.20305635632169206,
      "p95": 0.3484821415338022
    },
    "2-5": {
      "count": 480,
      "max": 1.1153996018744061,
      "mean": 0.6760529963305467,
      "median": 0.641683250288771,
      "min": 0.43155556077994944,
      "p05": 0.47831364198511517,
      "p95": 1.1153996018744061
    },
    "21-40": {
      "count": 1075,
      "max": 0.39952598547007423,
      "mean": 0.18389622236352213,
      "median": 0.18264723285689372,
      "min": 0.09652512034253768,
      "p05": 0.13144221806320772,
      "p95": 0.24111564247874698
    },
    "6-10": {
      "count": 600,
      "max": 0.5879830666758047,
      "mean": 0.4042533196229937,
      "median": 0.399459139878941,
      "min": 0.22031194619961803,
      "p05": 0.3116460743899437,
      "p95": 0.5061593229016588
    }
  },
  "records": 120,
  "unrelated_distance": {
    "count": 480,
    "max": 1.481338024162252,
    "mean": 1.2770642498300224,
    "median": 1.2881597864698602,
    "min": 0.9132234380869017,
    "p05": 1.133982907896935,
    "p95": 1.3786082006832678
  }
}
