{
  "cases": 600,
  "config": {
    "char_max": 5,
    "char_min": 3,
    "content_weight": 1.0,
    "max_ngram": 4,
    "path_weight": 0.2,
    "position_levels": 4,
    "position_weight": 1.0,
    "seed": 42,
    "shape_weight": 0.3,
    "width": 128
  },
  "methods": {
    "bag": {
      "build_seconds": 0.03291870799148455,
      "dimensions": 390,
      "overall": {
        "mrr": 0.7229087301587303,
        "recall_at_1": 0.595,
        "recall_at_10": 1.0,
        "recall_at_5": 0.9366666666666666
      },
      "query_seconds_per_case": 7.425908581353723e-05,
      "relations": {
        "append": {
          "mrr": 0.7065952380952383,
          "recall_at_1": 0.57,
          "recall_at_10": 1.0,
          "recall_at_5": 0.91
        },
        "crop": {
          "mrr": 0.694166666666667,
          "recall_at_1": 0.56,
          "recall_at_10": 1.0,
          "recall_at_5": 0.94
        },
        "delete": {
          "mrr": 0.7483333333333334,
          "recall_at_1": 0.63,
          "recall_at_10": 1.0,
          "recall_at_5": 0.94
        },
        "insert": {
          "mrr": 0.7120000000000002,
          "recall_at_1": 0.57,
          "recall_at_10": 1.0,
          "recall_at_5": 0.96
        },
        "swap": {
          "mrr": 0.7480952380952381,
          "recall_at_1": 0.64,
          "recall_at_10": 1.0,
          "recall_at_5": 0.94
        },
        "typo": {
          "mrr": 0.7282619047619048,
          "recall_at_1": 0.6,
          "recall_at_10": 1.0,
          "recall_at_5": 0.93
        }
      }
    },
    "char": {
      "build_seconds": 0.6206851659808308,
      "dimensions": 390,
      "overall": {
        "mrr": 0.893888888888889,
        "recall_at_1": 0.8166666666666667,
        "recall_at_10": 1.0,
        "recall_at_5": 1.0
      },
      "query_seconds_per_case": 0.0009036443125417766,
      "relations": {
        "append": {
          "mrr": 1.0,
          "recall_at_1": 1.0,
          "recall_at_10": 1.0,
          "recall_at_5": 1.0
        },
        "crop": {
          "mrr": 1.0,
          "recall_at_1": 1.0,
          "recall_at_10": 1.0,
          "recall_at_5": 1.0
        },
        "delete": {
          "mrr": 0.5283333333333335,
          "recall_at_1": 0.23,
          "recall_at_10": 1.0,
          "recall_at_5": 1.0
        },
        "insert": {
          "mrr": 0.835,
          "recall_at_1": 0.67,
          "recall_at_10": 1.0,
          "recall_at_5": 1.0
        },
        "swap": {
          "mrr": 1.0,
          "recall_at_1": 1.0,
          "recall_at_10": 1.0,
          "recall_at_5": 1.0
        },
        "typo": {
          "mrr": 1.0,
          "recall_at_1": 1.0,
          "recall_at_10": 1.0,
          "recall_at_5": 1.0
        }
      }
    },
    "cone_dag": {
      "build_seconds": 1.7899061670177616,
      "dimensions": 390,
      "overall": {
        "mrr": 0.9552777777777779,
        "recall_at_1": 0.92,
        "recall_at_10": 1.0,
        "recall_at_5": 1.0
      },
      "query_seconds_per_case": 0.0024720522129791788,
      "relations": {
        "append": {
          "mrr": 1.0,
          "recall_at_1": 1.0,
          "recall_at_10": 1.0,
          "recall_at_5": 1.0
        },
        "crop": {
          "mrr": 0.99,
          "recall_at_1": 0.98,
          "recall_at_10": 1.0,
          "recall_at_5": 1.0
        },
        "delete": {
          "mrr": 0.7416666666666668,
          "recall_at_1": 0.54,
          "recall_at_10": 1.0,
          "recall_at_5": 1.0
        },
        "insert": {
          "mrr": 1.0,
          "recall_at_1": 1.0,
          "recall_at_10": 1.0,
          "recall_at_5": 1.0
        },
        "swap": {
          "mrr": 1.0,
          "recall_at_1": 1.0,
          "recall_at_10": 1.0,
          "recall_at_5": 1.0
        },
        "typo": {
          "mrr": 1.0,
          "recall_at_1": 1.0,
          "recall_at_10": 1.0,
          "recall_at_5": 1.0
        }
      }
    },
    "prior": {
      "build_seconds": 0.10701862501446158,
      "dimensions": 384,
      "overall": {
        "mrr": 0.8054230529937052,
        "recall_at_1": 0.665,
        "recall_at_10": 0.9966666666666667,
        "recall_at_5": 0.9916666666666667
      },
      "query_seconds_per_case": 0.0001889189626672305,
      "relations": {
        "append": {
          "mrr": 1.0,
          "recall_at_1": 1.0,
          "recall_at_10": 1.0,
          "recall_at_5": 1.0
        },
        "crop": {
          "mrr": 0.559204984628898,
          "recall_at_1": 0.33,
          "recall_at_10": 0.98,
          "recall_at_5": 0.95
        },
        "delete": {
          "mrr": 0.48333333333333345,
          "recall_at_1": 0.06,
          "recall_at_10": 1.0,
          "recall_at_5": 1.0
        },
        "insert": {
          "mrr": 0.79,
          "recall_at_1": 0.6,
          "recall_at_10": 1.0,
          "recall_at_5": 1.0
        },
        "swap": {
          "mrr": 1.0,
          "recall_at_1": 1.0,
          "recall_at_10": 1.0,
          "recall_at_5": 1.0
        },
        "typo": {
          "mrr": 1.0,
          "recall_at_1": 1.0,
          "recall_at_10": 1.0,
          "recall_at_5": 1.0
        }
      }
    }
  },
  "order_distractors": true,
  "original_records": 100,
  "records": 698
}
