{
  "cases": 1080,
  "config": {
    "anagram_weight": 0.0,
    "char_max": 5,
    "char_min": 1,
    "content_weight": 1.0,
    "max_ngram": 4,
    "moment_orders": 5,
    "path_weight": 0.2,
    "position_levels": 4,
    "position_mode": "soft",
    "position_weight": 1.0,
    "seed": 42,
    "shape_weight": 0.3,
    "width": 128
  },
  "methods": {
    "bag": {
      "build_seconds": 0.06585891701979563,
      "dimensions": 390,
      "overall": {
        "mrr": 0.7345414462081128,
        "recall_at_1": 0.6148148148148148,
        "recall_at_10": 1.0,
        "recall_at_5": 0.9342592592592592
      },
      "query_seconds_per_case": 0.0001048121475765516,
      "relations": {
        "append": {
          "mrr": 0.7208862433862435,
          "recall_at_1": 0.5944444444444444,
          "recall_at_10": 1.0,
          "recall_at_5": 0.9111111111111111
        },
        "crop": {
          "mrr": 0.7100132275132275,
          "recall_at_1": 0.5833333333333334,
          "recall_at_10": 1.0,
          "recall_at_5": 0.9222222222222223
        },
        "delete": {
          "mrr": 0.7442195767195768,
          "recall_at_1": 0.6277777777777778,
          "recall_at_10": 1.0,
          "recall_at_5": 0.9444444444444444
        },
        "insert": {
          "mrr": 0.704920634920635,
          "recall_at_1": 0.5666666666666667,
          "recall_at_10": 1.0,
          "recall_at_5": 0.95
        },
        "swap": {
          "mrr": 0.7739947089947088,
          "recall_at_1": 0.6722222222222223,
          "recall_at_10": 1.0,
          "recall_at_5": 0.9444444444444444
        },
        "typo": {
          "mrr": 0.7532142857142857,
          "recall_at_1": 0.6444444444444445,
          "recall_at_10": 1.0,
          "recall_at_5": 0.9333333333333333
        }
      }
    },
    "char": {
      "build_seconds": 1.2199413750204258,
      "dimensions": 390,
      "overall": {
        "mrr": 0.8820987654320988,
        "recall_at_1": 0.7972222222222223,
        "recall_at_10": 1.0,
        "recall_at_5": 1.0
      },
      "query_seconds_per_case": 0.0010084419376518647,
      "relations": {
        "append": {
          "mrr": 1.0,
          "recall_at_1": 1.0,
          "recall_at_10": 1.0,
          "recall_at_5": 1.0
        },
        "crop": {
          "mrr": 1.0,
          "recall_at_1": 1.0,
          "recall_at_10": 1.0,
          "recall_at_5": 1.0
        },
        "delete": {
          "mrr": 0.4898148148148147,
          "recall_at_1": 0.17777777777777778,
          "recall_at_10": 1.0,
          "recall_at_5": 1.0
        },
        "insert": {
          "mrr": 0.8027777777777778,
          "recall_at_1": 0.6055555555555555,
          "recall_at_10": 1.0,
          "recall_at_5": 1.0
        },
        "swap": {
          "mrr": 1.0,
          "recall_at_1": 1.0,
          "recall_at_10": 1.0,
          "recall_at_5": 1.0
        },
        "typo": {
          "mrr": 1.0,
          "recall_at_1": 1.0,
          "recall_at_10": 1.0,
          "recall_at_5": 1.0
        }
      }
    },
    "cone_dag": {
      "build_seconds": 3.6619714589905925,
      "dimensions": 390,
      "overall": {
        "mrr": 0.9549382716049382,
        "recall_at_1": 0.9194444444444444,
        "recall_at_10": 1.0,
        "recall_at_5": 1.0
      },
      "query_seconds_per_case": 0.002832366789516527,
      "relations": {
        "append": {
          "mrr": 1.0,
          "recall_at_1": 1.0,
          "recall_at_10": 1.0,
          "recall_at_5": 1.0
        },
        "crop": {
          "mrr": 0.9879629629629628,
          "recall_at_1": 0.9777777777777777,
          "recall_at_10": 1.0,
          "recall_at_5": 1.0
        },
        "delete": {
          "mrr": 0.7416666666666667,
          "recall_at_1": 0.5388888888888889,
          "recall_at_10": 1.0,
          "recall_at_5": 1.0
        },
        "insert": {
          "mrr": 1.0,
          "recall_at_1": 1.0,
          "recall_at_10": 1.0,
          "recall_at_5": 1.0
        },
        "swap": {
          "mrr": 1.0,
          "recall_at_1": 1.0,
          "recall_at_10": 1.0,
          "recall_at_5": 1.0
        },
        "typo": {
          "mrr": 1.0,
          "recall_at_1": 1.0,
          "recall_at_10": 1.0,
          "recall_at_5": 1.0
        }
      }
    },
    "prior": {
      "build_seconds": 0.2097084170090966,
      "dimensions": 384,
      "overall": {
        "mrr": 0.7992291720615197,
        "recall_at_1": 0.6518518518518519,
        "recall_at_10": 0.9916666666666667,
        "recall_at_5": 0.987037037037037
      },
      "query_seconds_per_case": 0.00023578121046604657,
      "relations": {
        "append": {
          "mrr": 1.0,
          "recall_at_1": 1.0,
          "recall_at_10": 1.0,
          "recall_at_5": 1.0
        },
        "crop": {
          "mrr": 0.554263921258007,
          "recall_at_1": 0.3111111111111111,
          "recall_at_10": 0.95,
          "recall_at_5": 0.9222222222222223
        },
        "delete": {
          "mrr": 0.4714814814814812,
          "recall_at_1": 0.03333333333333333,
          "recall_at_10": 1.0,
          "recall_at_5": 1.0
        },
        "insert": {
          "mrr": 0.7696296296296297,
          "recall_at_1": 0.5666666666666667,
          "recall_at_10": 1.0,
          "recall_at_5": 1.0
        },
        "swap": {
          "mrr": 1.0,
          "recall_at_1": 1.0,
          "recall_at_10": 1.0,
          "recall_at_5": 1.0
        },
        "typo": {
          "mrr": 1.0,
          "recall_at_1": 1.0,
          "recall_at_10": 1.0,
          "recall_at_5": 1.0
        }
      }
    }
  },
  "order_distractors": true,
  "original_records": 180,
  "records": 1258
}
